seqname,tax_id
WP_121541263.1,Mariprofundus_sp._EBB-1
WP_176788366.1,Methanofollis_tationis
WP_227698583.1,Sphingomonas_hengshuiensis
WP_219871381.1,Paenibacillus_oenotherae
WP_209989010.1,Azospirillum_picis
WP_119086582.1,Cryosericum_septentrionale
WP_066737472.1,Bariatricus_massiliensis
WP_111557799.1,Paracoccus_sediminilitoris
WP_041101230.1,Bacillus_badius
WP_055107819.1,Paenibacillus_ihumii
WP_136819954.1,Sphingobacterium_alkalisoli
WP_180285986.1,Azospirillum_oleiclasticum
WP_042706367.1,Methanomicrobium_mobile
WP_053582626.1,Lysinibacillus_contaminans
WP_173413577.1,Mucilaginibacter_mali
WP_053365996.1,Bacillus_sp._FJAT-27245
WP_062398647.1,Methanogenium_cariaci
WP_070365036.1,Halodesulfurarchaeum_formicicum
WP_092846784.1,Rhizobium_miluonense
WP_127145424.1,Pelagibacterium_montanilacus
WP_085035757.1,Ensifer_aridi
WP_146568913.1,Posidoniimonas_corsicana
WP_107834029.1,Opitutus_sp._ER46
WP_119305919.1,Cohaesibacter_haloalkalitolerans
WP_134760877.1,Jiella_endophytica
WP_142089487.1,Acidithiobacillus_thiooxidans
WP_190916405.1,Paenibacillus_sp._IB182496
WP_204203468.1,Bacillus_sp._RD4P76
WP_212482604.1,Bradyrhizobium_liaoningense
WP_093994152.1,Flavimaricola_marinus
WP_228101359.1,Paenibacillus_donghaensis
WP_013329831.1,Methanolacinia_petrolearia
WP_184173337.1,Rhabdobacter_roseus
WP_125672064.1,Methanodesulfokores_washburnensis
WP_206563812.1,Enemella_evansiae
WP_114743891.1,Falsibacillus_pallidus
WP_156317551.1,Cypionkella_psychrotolerans
WP_235711688.1,Acuticoccus_sp._M5D2P5
WP_142659691.1,Methylacidimicrobium_tartarophylax
WP_131856163.1,Bosea_sp._BK604
WP_121630426.1,Tropicibacter_sp._LMIT003
WP_151119727.1,Hypericibacter_adhaerens
WP_214474122.1,Cytobacillus_gottheilii
WP_174733922.1,Mesobacillus_harenae
WP_004433768.1,Bacillus_methanolicus
WP_073240254.1,Desulfotomaculum_putei
WP_050048430.1,Halanaeroarchaeum_sulfurireducens
WP_103992180.1,Halobellus_limi
WP_092996737.1,Thiohalomonas_denitrificans
WP_161821048.1,Sporotomaculum_syntrophicum
WP_182582143.1,Thiospirillum_jenense
WP_141693152.1,Thioclava_sp._SK-1
WP_221845232.1,Bacillus_sp._S/N-304-OC-R1
WP_038506028.1,Leptospirillum_ferriphilum
WP_222495825.1,Vannielia_litorea
WP_192533091.1,Phaeovibrio_sulfidiphilus
WP_076400097.1,Insolitispirillum_peregrinum
WP_102225912.1,Acidimangrovimonas_sediminis
WP_237007229.1,Halobacterium_sp._TGN-42-S1
WP_192023984.1,Paenibacillus_sp._CAU_1523
WP_061968886.1,Fictibacillus_enclensis
WP_231476510.1,Methanoculleus_sp._MH98A
WP_200178833.1,Ectothiorhodospira_mobilis
WP_200344418.1,Halochromatium_glycolicum
WP_132948474.1,Thermolongibacillus_altinsuensis
WP_127134780.1,Veillonella_caviae
WP_238479885.1,Natranaeroarchaeum_sulfidigenum
WP_116351033.1,Bacillus_sp._HNG
WP_204543687.1,Peribacillus_deserti
WP_147704887.1,Zeimonas_arvi
WP_163674056.1,Magnetospirillum_aberrantis
WP_028399489.1,Ectobacillus_panaciterrae
WP_168987725.1,Azoarcus_taiwanensis
WP_109969713.1,Methanospirillum_lacunae
WP_108308545.1,Thermodesulfobium_acidiphilum
WP_205156326.1,Faecalicatena_fissicatena
WP_125403879.1,Rhodovulum_robiginosum
WP_123929203.1,Thermodesulfitimonas_autotrophica
WP_073245179.1,Flavobacterium_flevense
WP_089731630.1,Haloarchaeobius_iranensis
WP_004572703.1,Haloferax_mediterranei
WP_159764760.1,Halovenus_sp._WSH3
WP_138193382.1,Paenibacillus_antri
WP_152214060.1,Fluviispira_multicolorata
WP_183873404.1,Pedobacter_sp._AK017
WP_220399090.1,Granulicella_sp._WH15
WP_064829683.1,Rhizobium_phaseoli
WP_096206144.1,Methanoperedens_nitroreducens
WP_224071327.1,Arachidicoccus_sp._5GH13-10
WP_223404838.1,Dyadobacter_fermentans
WP_229112442.1,Halapricum_desulfuricans
WP_092816964.1,Halopenitus_malekzadehii
WP_136646631.1,Tabrizicola_sp._YIM_78059
WP_178917033.1,Natronomonas_gomsonensis
WP_101593244.1,Bacillus_sp._M6-12
WP_090667356.1,Aureimonas_jatrophae
WP_232275463.1,Paenibacillus_sp._481
WP_185661935.1,Pelagicoccus_albus
WP_021098855.1,Rubellimicrobium_thermophilum
WP_061810111.1,Rossellomorea_vietnamensis
WP_211204646.1,Ammonifex_degensii
WP_067622911.1,Alicyclobacillus_acidiphilus
WP_182804995.1,Lacibacter_sp._S13-6-6
WP_209674189.1,Methanolinea_mesophila
WP_037278231.1,Rubellimicrobium_mesophilum
WP_090524205.1,Paracoccus_isoporae
WP_204259608.1,Lichenicola_cladoniae
WP_004077508.1,Methanoplanus_limicola
WP_148696731.1,Silvanigrella_aquatica
WP_145269813.1,Tautonia_plasticadhaerens
WP_230496826.1,Neobacillus_sp._JJ-79
WP_123214242.1,Sinomicrobium_pectinilyticum
WP_085493625.1,Paenibacillus_aquistagni
WP_119747517.1,Paracoccus_onubensis
WP_226600327.1,Mesobacillus_subterraneus
WP_018130250.1,Effusibacillus_pohliae
WP_188576581.1,Azorhizobium_oxalatiphilum
WP_006666558.1,Natrialba_aegyptia
WP_015591542.1,Archaeoglobus_sulfaticallidus
WP_102957872.1,Mangrovicella_endophytica
NLV67565.1,Spirochaetes_bacterium
MBN1855313.1,Pirellulales_bacterium
VDD89095.1,uncultured_bacterium
HEN78047.1,Nitrospirae_bacterium
TDI45517.1,Acidobacteria_bacterium
MCE3223510.1,Nitrospira_sp.
MCB1606413.1,Xanthomonadales_bacterium
MBI4168059.1,Aenigmarchaeota_archaeon
NLD67972.1,Limnobacter_sp.
MBE7554138.1,Anaerolineales_bacterium
TVR95593.1,Rhodospirillales_bacterium
MBM3346208.1,Betaproteobacteria_bacterium
MBU1119893.1,Patescibacteria_group_bacterium
MCC6804999.1,Anaerolineae_bacterium
MBI3343308.1,Gammaproteobacteria_bacterium
KPK04300.1,Gemmatimonas_sp._SG8_28
MBM4228625.1,Gammaproteobacteria_bacterium_graftm_1
PKN02430.1,Dojkabacteria_bacterium_HGW-Dojkabacteria-1
HIH44559.1,Methanoperedenaceae_archaeon
CAE7394080.1,Symbiodinium_sp._CCMP2456
BAN24801.1,Caballeronia_insecticola
HEI00611.1,Paenibacillaceae_bacterium
NBQ38608.1,Alphaproteobacteria_bacterium
MBC7634588.1,Acetobacteraceae_bacterium
MBV8150007.1,Eremiobacteraeota_bacterium
MBP8920685.1,Micropruina_sp.
BAH91330.1,Oryza_sativa
NLS97222.1,Planctomycetaceae_bacterium
MBW4093266.1,Proteobacteria_bacterium
AEJ40699.1,Sulfobacillus_acidophilus
TVS18710.1,Planctomycetaceae_bacterium
MBL0143223.1,Betaproteobacteria_bacterium
MBV9124125.1,Planctomycetes_bacterium
HCC68228.1,Patescibacteria_group_bacterium_graftm_1
VDD89031.1,uncultured_archaeon
NKB65859.1,Latescibacteria_bacterium
NOY55689.1,Actinobacteria_bacterium
MBF0430097.1,Fibrobacteria_bacterium
MCB1490389.1,Rhodobiaceae_bacterium
CAB1055550.1,Olavius_sp._associated_proteobacterium_Delta_1
MCD4803047.1,Anaerolineales_bacterium
BAP56172.1,Thioploca_ingrica
VDD89103.1,uncultured_archaeon
MBN2477810.1,Micrarchaeota_archaeon
KAF3772838.1,Nymphaea_thermarum
MBR59401.1,Myxococcales_bacterium
KAF5418372.1,ANME-2_cluster_archaeon
OPZ46239.1,Actinobacteria_bacterium_ADurb.BinA094
MSQ32290.1,Dehalococcoidia_bacterium
VDD89233.1,uncultured_bacterium_graftm_1
CAE7243541.1,Symbiodinium_sp._CCMP2592
CAE7496941.1,Symbiodinium_pilosum
NQX79830.1,Hyphomicrobiaceae_bacterium
RZN71180.1,Methanolliviera_hydrocarbonicum
VDD88728.1,uncultured_archaeon
MBI1723952.1,Gemmatimonadetes_bacterium
MBI3549998.1,Elusimicrobia_bacterium
NLN28943.1,Firmicutes_bacterium
MCD6488931.1,Desulfurococcales_archaeon
VFJ90564.1,Kentron_sp._H
MCD6233035.1,bacterium
NVM55624.1,Helarchaeota_archaeon
MBN2886808.1,Chromatiaceae_bacterium
HAT56588.1,Veillonellaceae_bacterium
MCA3586068.1,Methylocystis_sp.
MBS3055367.1,Aenigmarchaeota_archaeon
MBS0320811.1,Proteobacteria_bacterium
MBI4514075.1,Gemmatimonadetes_bacterium_graftm_1
HGO73122.1,Phycisphaerae_bacterium
NUM45912.1,Anaerolineales_bacterium
MBI4755994.1,Betaproteobacteria_bacterium
MBI5001090.1,Euryarchaeota_archaeon
MCC6027088.1,Archaeoglobus_sp.
MBN8928800.1,Rhodospirillales_bacterium
GBD31842.1,bacterium_HR33
HDN27692.1,Thioploca_sp.
MAH07081.1,Pacearchaeota_archaeon
PKM78364.1,Firmicutes_bacterium_HGW-Firmicutes-15
MBZ0271724.1,bacterium_graftm_1
MBJ7279066.1,Nanopelagicales_bacterium
NHJ02601.1,Heimdallarchaeota_archaeon
VDD88744.1,uncultured_archaeon
MBL6442735.1,Dialister_sp.
RCK75079.1,Anaerolineae_bacterium
MSV64191.1,Actinobacteria_bacterium
NRA09972.1,Myxococcales_bacterium_graftm_1
MBZ0248068.1,Burkholderiales_bacterium
EAR65047.1,Bacillus_sp._NRRL_B-14911
MBI2498641.1,Woesearchaeota_archaeon
MBP7755275.1,Thermoanaerobaculia_bacterium
MBC8115451.1,Planctomycetaceae_bacterium
MAS38181.1,Anaerolineaceae_bacterium
ACL58349.1,Methylobacterium_nodulans
MBQ4358935.1,Proteobacteria_bacterium
CEL96598.1,Vitrella_brassicaformis
SFN57053.1,Nitrosospira_briensis
RLE58107.1,Thermoprotei_archaeon
HBW85178.1,Crocinitomicaceae_bacterium
MBI3722378.1,bacterium_graftm_1
MCD6434525.1,Diapherotrites_archaeon
HHS41988.1,Solibacter_sp.
TXG75343.1,Gossypium_mustelinum
MCE2969667.1,Burkholderiales_bacterium
PJA48441.1,candidate_division_SR1_bacterium_CG_4_9_14_3_um_filter_40_9
TVQ92692.1,Deltaproteobacteria_bacterium
MCB1499781.1,Bauldia_sp.
THU42105.1,Musa_balbisiana
HAZ07418.1,Elusimicrobia_bacterium
MBW3645601.1,Actinobacteria_bacterium_graftm_1
RME77879.1,Woesearchaeota_archaeon
MBM3487190.1,Alphaproteobacteria_bacterium
MBP6243056.1,Chromatiaceae_bacterium_graftm_1
MCF6320386.1,Rhizobiaceae_bacterium
NMB54343.1,Leptolinea_sp.
RLE66934.1,Thermoprotei_archaeon
MSW74952.1,Actinobacteria_bacterium
MCD6429560.1,bacterium
MBV8106178.1,Hyphomicrobiales_bacterium
MBL8515441.1,Betaproteobacteria_bacterium
PIU13224.1,Hadesarchaea_archaeon_CG08_land_8_20_14_0_20_51_8
MAE49717.1,Pacearchaeota_archaeon_graftm_1
NAZ25899.1,Thermofilum_sp.
MAG45675.1,Nanoarchaeota_archaeon
MCA0268260.1,Bacteroidetes_bacterium
VDD89159.1,uncultured_archaeon_graftm_1
KAG6493138.1,Zingiber_officinale
VVB66844.1,Norongarragalina_meridionalis
MBA4031366.1,Planctomyces_sp.
HEC33105.1,Chloroflexi_bacterium
UCG96747.1,Burkholderiales_bacterium
NLM73152.1,Clostridiaceae_bacterium
MBT5338802.1,Falkowbacteria_bacterium
O58677.1,Pyrococcus_horikoshii
OGN88157.1,Chloroflexi_bacterium_GWC2_73_18
MBN1798933.1,Spirochaetales_bacterium
MCB1053498.1,Acidobacteria_bacterium
PHU30799.1,Capsicum_chinense
KUO71643.1,Clostridia_bacterium_BRH_c25
HHW82582.1,Actinomycetales_bacterium
MBV9409549.1,Eremiobacteraeota_bacterium
NDW04430.1,Jiella_pacifica
MBT6300390.1,Rhodobacteraceae_bacterium
ALA56892.1,Nitrospira_moscoviensis
KXA90802.1,candidate_division_MSBL1_archaeon_SCGC-AAA259D18
GDY34716.1,Acidovorax_sp._NB1
MBE9550264.1,Proteobacteria_bacterium
MBN2372527.1,bacterium_graftm_2
RLC59839.1,Chloroflexi_bacterium
OGP91707.1,Deltaproteobacteria_bacterium_RBG_16_47_11
KAG8502026.1,Gossypium_anomalum
PHT54990.1,Capsicum_baccatum
MBI4969680.1,Rhodospirillales_bacterium
MBI4730046.1,Acidobacteria_bacterium_graftm_1
VDD89151.1,uncultured_archaeon
EDL64266.1,Bacillus_sp._SG-1
MBN1823191.1,Endomicrobiales_bacterium
MBM4423763.1,Chloroflexi_bacterium_graftm_1
VDD88676.1,uncultured_archaeon
MCD6483398.1,Aenigmarchaeota_archaeon
CAA9481800.1,uncultured_Rubrobacteraceae_bacterium
MBT5489615.1,Halieaceae_bacterium
RJP31530.1,Actinobacteria_bacterium_graftm_2
TKJ46142.1,Aerophobetes_bacterium_Ae_b3b
MBF0559314.1,Nitrospirae_bacterium
CAE7353404.1,Symbiodinium_pilosum
MCC5812136.1,Ectothiorhodospiraceae_bacterium
OIO24293.1,Micrarchaeota_archaeon_CG1_02_49_24
AKF92896.1,Brevibacillus_laterosporus
MAG20191.1,archaeon
QQR73797.1,Holophagales_bacterium
MBV9250919.1,Acetobacteraceae_bacterium
MBR3403382.1,Parasporobacterium_sp.
MCA9191650.1,Planctomycetales_bacterium
MBU6287292.1,Chloroflexi_bacterium_graftm_1
NLC07942.1,Syntrophomonadaceae_bacterium
VDD88984.1,uncultured_bacterium_graftm_2
MCC7168042.1,Rhodospirillales_bacterium_graftm_1
NDJ60910.1,Chloroflexi_bacterium_graftm_1
MCD7994255.1,Clostridia_bacterium
PZM99201.1,Proteobacteria_bacterium
KOR31675.1,Achromatium_sp._WMS3
MBN2045981.1,Anaerolineales_bacterium
MCB0908134.1,Nocardioidaceae_bacterium
NCW45804.1,Gemmatimonadaceae_bacterium
HDQ25415.1,bacterium_graftm_2
CAD6436139.1,Rhizobium_sp._Q54
KJR41047.1,Magnetoovum_chiemensis
MBM3706053.1,Actinobacteria_bacterium_graftm_2
MBA3318309.1,Gemmatimonadales_bacterium
MBS5936147.1,Veillonella_sp.
MBC5798601.1,Eremiobacteraeota_bacterium
MAL15722.1,Algoriphagus_sp.
MBT7902900.1,Woesearchaeota_archaeon_graftm_1
OIO80147.1,Pacearchaeota_archaeon_CG1_02_32_132
OQA20258.1,bacterium_ADurb.Bin363
MCE2835001.1,Chitinophagaceae_bacterium
MBY9011113.1,Lokiarchaeota_archaeon
MSU57023.1,Pedosphaera_sp.
MCB1746775.1,Gammaproteobacteria_bacterium_graftm_1
MBI2510374.1,Opitutae_bacterium
HGE04707.1,Hadesarchaea_archaeon
MBV8211147.1,Burkholderiaceae_bacterium
MCB1385978.1,Nitratireductor_sp.
OYT64719.1,Bathyarchaeota_archaeon_ex4484_205
MBD1134960.1,Pelagibacterales_bacterium_SAG-MED47
MBY9011144.1,Lokiarchaeota_archaeon_graftm_1
MBV8818170.1,Acidobacteriaceae_bacterium
THJ20228.1,Nitrospira_sp._CG24D
MCA9186208.1,Planctomycetales_bacterium
VDS11111.1,uncultured_Candidatus_Pacearchaeota_archaeon
MCF7983709.1,Thiohalocapsa_sp.
MBS0565350.1,Proteobacteria_bacterium
MBN1318573.1,Anaerolineales_bacterium
MCE2929868.1,Vampirovibrionales_bacterium
NBX17819.1,Proteobacteria_bacterium_graftm_1
MBI3594693.1,Nitrospirae_bacterium_graftm_1
MBT3690794.1,Woesearchaeota_archaeon
NLX13398.1,Phycisphaerales_bacterium
EXC35991.1,Morus_notabilis
MBU2532067.1,Alphaproteobacteria_bacterium
VDD88903.1,uncultured_archaeon
PAW78407.1,Verrucomicrobia_bacterium_Tous-C9LFEB
MBC7811166.1,Anaerolineae_bacterium_graftm_1
MBN1916043.1,Dojkabacteria_bacterium
EHM01759.1,Acetobacteraceae_bacterium_AT-5844
MSR13685.1,Gammaproteobacteria_bacterium_graftm_1
PIZ99488.1,Komeilibacteria_bacterium_CG_4_10_14_0_2_um_filter_37_10
HGU93835.1,Desulfurococcaceae_archaeon
RLE74778.1,Thermoprotei_archaeon
RHP49898.1,Clostridiaceae_bacterium_AF31-3BH
MCC7153167.1,Bryobacterales_bacterium
PHT42604.1,Capsicum_baccatum
NMA55784.1,Firmicutes_bacterium
OUM84417.1,Bacillus_thermozeamaize
VDD88742.1,uncultured_archaeon
MCE0523733.1,Methylacidiphilales_bacterium
MBX3334726.1,Nitrospira_sp.
PTD94544.1,archaeon_SCG-AAA382B04
NVK35207.1,Rhodobacteraceae_bacterium
PWH13205.1,Anaerolineae_bacterium
CAE8627267.1,Polarella_glacialis
MBM4395024.1,Deltaproteobacteria_bacterium_graftm_1
MBW3661082.1,Gemmatimonadetes_bacterium
NIM52323.1,Gemmatimonadales_bacterium
HHS65539.1,Deltaproteobacteria_bacterium_graftm_1
ABR57266.1,uncultured_Gammaproteobacteria_bacterium
MSO43619.1,Planktophila_sp.
HEK53075.1,Aenigmarchaeota_archaeon
VDS11141.1,uncultured_Candidatus_Woesearchaeota_archaeon
PKN50643.1,Deltaproteobacteria_bacterium_HGW-Deltaproteobacteria-13
CVM73332.1,Streptococcus_pneumoniae
HAX18602.1,Actinobacteria_bacterium_graftm_2
MBF8270616.1,Gammaproteobacteria_bacterium_graftm_1
MBU6444162.1,Alphaproteobacteria_bacterium
VDD89207.1,uncultured_archaeon
MBS7249826.1,Freyarchaeota_archaeon
NLG15876.1,Fibrobacter_sp.
MBC7333506.1,Actinobacteria_bacterium_graftm_2
TSD89978.1,Mycobacterium_sp._KBS0706
MBU1131097.1,Patescibacteria_group_bacterium_graftm_2
MCD6323697.1,Desulfurococcales_archaeon_graftm_1
NES04040.1,Okeania_sp._SIO2F4
MBD3389749.1,Micrarchaeota_archaeon
MBO9344137.1,Chloroflexi_bacterium_graftm_1
TLY30118.1,Nitrospirae_bacterium
PNV81702.1,Fervidicoccus_sp.
MBL8215701.1,Bryobacterales_bacterium
BAF29408.1,Oryza_sativa
MBU6483533.1,Betaproteobacteria_bacterium
NAZ37862.1,Rubellimicrobium_sp._CFH_75288
VDD88794.1,uncultured_archaeon
GHP05598.1,Pycnococcus_provasolii
QPI86384.1,Rhodobacterales_bacterium_HKCCA1288
MBU6297951.1,Alphaproteobacteria_bacterium
MBN1868461.1,Sumerlaeota_bacterium
MCB1887956.1,Rhodocyclaceae_bacterium
HIV24807.1,Scatomonas_pullistercoris
NSL48042.1,Dendrosporobacter_quercicolus
HEY74674.1,Thermoflexia_bacterium
VDD88754.1,uncultured_archaeon
MBN1308116.1,Chitinispirillaceae_bacterium
KXB88591.1,Veillonella_sp._DNF00869
MSW75869.1,Actinobacteria_bacterium
MBP8140241.1,Burkholderiales_bacterium
KAH6559241.1,Ceratopteris_richardii
MBL6974762.1,Deltaproteobacteria_bacterium_graftm_1
MBW1893329.1,Deltaproteobacteria_bacterium_graftm_2
MBW7861983.1,Rhodocyclaceae_bacterium
OQC36721.1,Deltaproteobacteria_bacterium_ADurb.Bin058
NQV98135.1,Rhodospirillales_bacterium_graftm_2
MCC6015989.1,Desulfurococcaceae_archaeon
PIE20009.1,Proteobacteria_bacterium
MBP7792476.1,Goldbacteria_bacterium
NMC27473.1,Syntrophomonadaceae_bacterium
HEY54525.1,Caldilineae_bacterium
APV48220.1,Betaproteobacteria_bacterium_GR16-43
MBK0327967.1,Rhodobacteraceae_bacterium_F11138
MBU3833188.1,Methanocorpusculum_faecipullorum
NOK78988.1,Chloroflexi_bacterium_AL-N5
MBM4344008.1,Deltaproteobacteria_bacterium_graftm_1
HBY63428.1,Bryobacterales_bacterium
MAJ64870.1,Alphaproteobacteria_bacterium_graftm_1
ODS39323.1,Altiarchaeales_archaeon_WOR_SM1_86-2
MCC2642506.1,Nitrospira_sp.
RDB35144.1,Spirobacillus_cienkowskii
MBL7141805.1,Patescibacteria_group_bacterium_graftm_2
NGZ60336.1,Nitrospira_sp._LK265
NLG83482.1,Firmicutes_bacterium
NLX40121.1,Methanothrix_sp.
OLS23198.1,Heimdallarchaeota_archaeon_LC_3
KAG8390990.1,Buddleja_alternifolia
KAF0110453.1,Rhodospirillaceae_bacterium
MCE5298541.1,Methanoregulaceae_archaeon
NHI94319.1,Lokiarchaeota_archaeon
MBU6145944.1,Paenibacillaceae_bacterium
MCC7208043.1,Anaerolineae_bacterium_graftm_1
MBS0336465.1,Proteobacteria_bacterium
HGY35401.1,Nitrososphaeria_archaeon
RZO46642.1,Proteobacteria_bacterium
NND05845.1,Saprospiraceae_bacterium
OQB44493.1,Parcubacteria_group_bacterium_ADurb.Bin159
SHS99162.1,Mycobacteroides_abscessus
VDD88786.1,uncultured_archaeon
MBN2088339.1,candidate_division_KSB1_bacterium
TVQ84370.1,Chromatiaceae_bacterium_graftm_1
KAH7388140.1,Ceratopteris_richardii
Q6N7T7.1,Rhodopseudomonas_palustris
VDD89096.1,uncultured_bacterium_graftm_2
MCC6202309.1,Gammaproteobacteria_bacterium_graftm_1
MBQ1399401.1,Lachnospiraceae_bacterium
HFZ31363.1,Deltaproteobacteria_bacterium_graftm_2
MBN1194740.1,Methanomicrobiaceae_archaeon
CCQ95485.1,Schnuerera_ultunensis
OGO33434.1,Chloroflexi_bacterium_RBG_16_54_18
RME49636.1,Chloroflexi_bacterium_graftm_1
RME79063.1,Euryarchaeota_archaeon_graftm_1
KAF1888211.1,Lupinus_albus
MXW09848.1,Gammaproteobacteria_bacterium_graftm_1
MBN1167406.1,Methanospirillaceae_archaeon
MBI4177346.1,Aenigmarchaeota_archaeon
KHO47783.1,archaeon_GW2011_AR5
TYH52274.1,Gossypium_tomentosum
MCD4666266.1,archaeon
ABM95736.1,Methylibium_petroleiphilum
RZN61779.1,Methanonatronarchaeia_archaeon
KYD31673.1,Parageobacillus_toebii
TFG22708.1,Lokiarchaeota_archaeon
KAG4192577.1,Gossypium_hirsutum
QGJ69239.1,Planctomycetales_bacterium_10988
HAM50023.1,Nitrospiraceae_bacterium
CAE8674686.1,Polarella_glacialis
GGF11611.1,Hymenobacter_cavernae
1RUS_A,Rhodospirillum_rubrum
MBL8094513.1,Anaerolineales_bacterium
MBS3177038.1,Woesearchaeota_archaeon
KUO39449.1,Hadarchaeum_yellowstonense
MSU61302.1,Pedosphaera_sp.
VDD88961.1,uncultured_archaeon
MBP8689118.1,Patescibacteria_group_bacterium
MBN9563360.1,Alphaproteobacteria_bacterium
HGX27967.1,Woesearchaeota_archaeon
MBV8265309.1,Planctomycetaceae_bacterium_graftm_1
MBN2544430.1,Spirochaetes_bacterium
RYR67211.1,Arachis_hypogaea
MCC5930160.1,Cyclobacteriaceae_bacterium
NBX60943.1,Betaproteobacteria_bacterium_graftm_1
MBX3234996.1,Nitrospiraceae_bacterium
MBU6357382.1,Rhodospirillales_bacterium_graftm_2
MCB0047128.1,Caldilineaceae_bacterium
MAT45573.1,Anaerolineaceae_bacterium_graftm_1
MBM3626789.1,Alphaproteobacteria_bacterium
MBI3309128.1,Melainabacteria_bacterium
MBI2996735.1,Melainabacteria_bacterium
KXB89867.1,Veillonellaceae_bacterium_DNF00626
HHV58704.1,Clostridiaceae_bacterium_graftm_1
QOH25810.1,Acanthophora_spicifera
PKN03087.1,Dojkabacteria_bacterium_HGW-Dojkabacteria-1_graftm_1
PHU30253.1,Capsicum_chinense
MBP7752810.1,Veillonella_sp.
PKL35013.1,Spirochaetae_bacterium_HGW-Spirochaetae-10
KGF11716.1,Tissierellia_bacterium_S5-A11
MCC7049865.1,Alphaproteobacteria_bacterium
MCE3003572.1,Xanthomonadaceae_bacterium
OGN85134.1,Chloroflexi_bacterium_GWC2_73_18_graftm_1
MBL8236189.1,Bryobacterales_bacterium
HIJ99602.1,Undinarchaeum_marinum
MBU6163700.1,Actinomycetales_bacterium
PPE01622.1,Gossypium_barbadense
VDD88949.1,uncultured_bacterium
MAL45548.1,Hyphomonas_sp.
HIH14436.1,Nanoarchaeota_archaeon
HGK12944.1,Bathyarchaeota_archaeon
MCC7116626.1,Burkholderiales_bacterium
TAJ92604.1,Gammaproteobacteria_bacterium_graftm_1
ODT65362.1,Pelagibacterium_sp._SCN_63-23
PYP56148.1,Gemmatimonadetes_bacterium
MCA9199236.1,Planctomycetales_bacterium
MBU7043996.1,Theionarchaea_archaeon
MCE2871401.1,Oxalobacteraceae_bacterium
UIB38977.1,Cephaleuros_parasiticus
MBI5968045.1,Deltaproteobacteria_bacterium_graftm_2
OLS14417.1,Lokiarchaeota_archaeon_CR_4
PLX81202.1,Desulfuromonas_sp.
OIQ31125.1,Alphaproteobacteria_bacterium_MedPE-SWcel
RLI78728.1,Archaeoglobales_archaeon
MBI5002116.1,Woesearchaeota_archaeon
PYO13490.1,Gemmatimonadetes_bacterium
SEH73129.1,Bathymodiolus_azoricus_thioautotrophic_gill_symbiont
MBV8588960.1,Acetobacteraceae_bacterium
VDD88892.1,uncultured_archaeon
OFX17596.1,archaeon_RBG_16_50_20
NLB53735.1,Syntrophomonadaceae_bacterium_graftm_1
MBM2819292.1,Nitrosarchaeum_sp.
RLI54124.1,Thorarchaeota_archaeon
MBE7169097.1,Williamsia_sp.
MBA3852833.1,Gemmatimonas_sp.
PJB37136.1,Deltaproteobacteria_bacterium_CG_4_9_14_3_um_filter_63_12
MBE9166333.1,Pleurocapsales_cyanobacterium_LEGE_06147
TVR34575.1,Nitriliruptor_sp.
MCD6248176.1,Hadesarchaea_archaeon
MBF1084581.1,Solobacterium_sp.
MBV9672192.1,Verrucomicrobia_bacterium
VDS11182.1,uncultured_Candidatus_Woesearchaeota_archaeon
MBI3298805.1,Elusimicrobia_bacterium
MBU1992387.1,Patescibacteria_group_bacterium
MBT4267022.1,Deltaproteobacteria_bacterium_graftm_1
MCB9790408.1,Nomurabacteria_bacterium
KQC10437.1,Methanolinea_sp._SDB
KAF3667109.1,Capsicum_annuum
GJM36834.1,Acidimicrobiales_bacterium
MBU0975974.1,Patescibacteria_group_bacterium
MBU0929969.1,Nanoarchaeota_archaeon
MCC6158627.1,Deltaproteobacteria_bacterium_graftm_1
HHY14998.1,Firmicutes_bacterium
KAH0706421.1,Solanum_tuberosum
NPU88301.1,Methanothrix_sp.
MCC5806873.1,Opitutales_bacterium
MBS0205039.1,Planctomycetes_bacterium_graftm_1
MBI4226748.1,Omnitrophica_bacterium
MBI2616326.1,Gemmatimonadetes_bacterium
EEF38457.1,Ricinus_communis
RLG74103.1,Thermoprotei_archaeon
MBM3200400.1,Woesearchaeota_archaeon
MBW4436773.1,Pleurocapsa_minor
PXY71499.1,Parvarchaeota_archaeon
MAV63670.1,Marinimicrobia_bacterium
KUL92609.1,Bosea_sp._WAO
KAF3663428.1,Capsicum_annuum
NPV92652.1,Firmicutes_bacterium_graftm_1
MBU1200207.1,Patescibacteria_group_bacterium_graftm_3
MBI3354011.1,Nitrospirae_bacterium
MBW3584069.1,Euryarchaeota_archaeon_graftm_1
PIO08000.1,Pacearchaeota_archaeon_CG10_big_fil_rev_8_21_14_0_10_34_12
QOR93987.1,Thermosphaera_aggregans
VDD88896.1,uncultured_bacterium_graftm_2
VDS11140.1,uncultured_DPANN_archaeon
MBC7528381.1,Chthonomonadaceae_bacterium
SBW00154.1,uncultured_Alphaproteobacteria_bacterium
RLI89137.1,Archaeoglobales_archaeon
ASY29483.1,Planktophila_lacus
MBS1193682.1,Methanomicrobiales_archaeon
HID30638.1,Desulfobacterales_bacterium
KIX17107.1,Paracoccus_sp._228
RTZ91933.1,Planctomycetes_bacterium_graftm_1
MBI3613512.1,Nitrospirae_bacterium
KAH9547653.1,Sphagnum_magellanicum
MXZ61599.1,Acidobacteria_bacterium
RLG46891.1,Korarchaeota_archaeon
RMH37353.1,Nitrospirae_bacterium
TAL48153.1,archaeon
PYP42979.1,Gemmatimonadetes_bacterium
MBQ9550682.1,Lachnospiraceae_bacterium
MCD4672644.1,Anaerolineaceae_bacterium_graftm_1
KAH9547664.1,Sphagnum_magellanicum
VDD88787.1,uncultured_archaeon
VDD88779.1,uncultured_bacterium_graftm_1
NDB28707.1,archaeon
ODS59240.1,Acidobacteria_bacterium_SCN_69-37
EST53615.1,Brevibacillus_panacihumi
MBE5846613.1,Lachnospiraceae_bacterium
NTW71928.1,Eubacteriaceae_bacterium
NRA58010.1,Phycisphaerales_bacterium_graftm_1
MBO8177804.1,Bacillus_sp._(in:_Bacteria)
HGZ79218.1,Pseudothermotoga_hypogea
RIK96151.1,Burkholderiales_bacterium
NUI98892.1,Paenibacillus_alvei
UCG25175.1,Chloroflexi_bacterium_graftm_1
TXT53355.1,Lokiarchaeota_archaeon
OUJ18796.1,Methanonatronarchaeum_thermophilum
NCV10022.1,Rhodobacteraceae_bacterium
MBA2489638.1,Chloroflexi_bacterium_graftm_2
NWJ46707.1,Chloroflexi_bacterium_graftm_1
PHU19935.1,Capsicum_chinense
ADB58680.1,Archaeoglobus_profundus
UCG01775.1,Heimdallarchaeota_archaeon
KAD7116954.1,Mikania_micrantha
MCB0070803.1,Caldilineaceae_bacterium_graftm_1
MBL8042833.1,Nitrospira_sp.
MCC6243883.1,Gemmatimonadaceae_bacterium
AAN71857.1,Eriogonum_tomentosum
MBT8404903.1,Gemmatimonadetes_bacterium
MBI4891795.1,Acidobacteria_bacterium_graftm_2
MCA9920425.1,Anaerolineales_bacterium
MBU1119670.1,Patescibacteria_group_bacterium_graftm_1
MBC8333483.1,Anaerolineae_bacterium_graftm_2
NCA68587.1,Sphingobacteriia_bacterium
HFT92560.1,Leptospirillum_ferriphilum
OGT29577.1,Gammaproteobacteria_bacterium_RBG_16_51_14
MBA5868832.1,Nitrospira_sp._CR2.1
MBN9462596.1,Burkholderiales_bacterium
GGL60501.1,Halocalculus_aciditolerans
MBN2755442.1,Goldbacteria_bacterium
MTA52077.1,Actinobacteria_bacterium
MBT5571442.1,Alphaproteobacteria_bacterium_graftm_1
MBI5254131.1,Euryarchaeota_archaeon_graftm_1
MBD3305177.1,candidate_division_KSB3_bacterium
MBS1134935.1,Burkholderiaceae_bacterium
RKE66117.1,Pseudorhodoplanes_sinuspersici
VDD89200.1,uncultured_archaeon
MBI4990865.1,Gottesmanbacteria_bacterium
MCA1804727.1,Xanthomonadaceae_bacterium_graftm_1
CAE8624804.1,Polarella_glacialis
MBE9479162.1,Chloroflexi_bacterium_graftm_1
MBU6261914.1,Bacteroidetes_bacterium_graftm_1
MBL8838602.1,Alphaproteobacteria_bacterium
RLF28510.1,Thermoplasmata_archaeon
MBQ1289274.1,Erysipelotrichaceae_bacterium
MCA9742226.1,candidate_division_KSB1_bacterium_graftm_1
VDD88719.1,uncultured_archaeon
MCD6402829.1,Aenigmarchaeota_archaeon
NMC51254.1,Kuenenbacteria_bacterium
UCU06599.1,Ziziphus_hajarensis
KAF8380768.1,Tetracentron_sinense
HGH02605.1,Proteobacteria_bacterium
BAM06537.1,Leptospirillum_ferrooxidans
MCD6488718.1,Desulfurococcales_archaeon_graftm_1
MBA1148764.1,Ectothiorhodospiraceae_bacterium_WFHF3C12
NOZ59040.1,Euryarchaeota_archaeon_graftm_1
MCC6823314.1,Verrucomicrobia_subdivision_3_bacterium
OIO15311.1,Gottesmanbacteria_bacterium_CG1_02_37_22
PYO84267.1,Gemmatimonadetes_bacterium
MBI4739083.1,Woesearchaeota_archaeon
MBI4895876.1,Aenigmarchaeota_archaeon
MBT4139004.1,Latescibacteria_bacterium
MBI4116968.1,Pacearchaeota_archaeon_graftm_1
KAA9028566.1,Niallia_endozanthoxylica
KAI93974.1,Rhodomicrobium_udaipurense
MBA3947676.1,Herpetosiphonaceae_bacterium
MBX2880140.1,Granulosicoccus_sp.
UCG01264.1,Heimdallarchaeota_archaeon_graftm_1
MCE7965939.1,Nitrospira_sp._NTP2
OGG11367.1,Gottesmanbacteria_bacterium_RBG_13_45_10
MCB1523840.1,Rhodoblastus_sp.
MBL7013872.1,Marinimicrobia_bacterium_graftm_1
KAG5610471.1,Solanum_commersonii
MBU6310283.1,Planctomycetes_bacterium
HED15099.1,Gammaproteobacteria_bacterium_graftm_2
GII00810.1,Planobispora_takensis
MCC6051828.1,Fervidicoccaceae_archaeon
TYH11601.1,Gossypium_darwinii
MBM3700513.1,Actinobacteria_bacterium_graftm_2
MCF8339377.1,Chitinophagaceae_bacterium
MBN9427846.1,Burkholderiales_bacterium
KAB5537841.1,Salix_brachista
TVR95149.1,Wenzhouxiangellaceae_bacterium
OQW37555.1,Nitrospira_sp._SG-bin1
OYV09315.1,Methanothrix_Methanosaeta_sp._NSP1
OQY79485.1,Chloroflexi_bacterium_UTCFX4
NIM14184.1,Aminicenantes_bacterium
MBI4894300.1,Aenigmarchaeota_archaeon
MBI9050824.1,Anaerolineaceae_bacterium_graftm_1
NLZ24186.1,Dojkabacteria_bacterium
MBN2751795.1,Rhodospirillaceae_bacterium_graftm_1
HGC57086.1,Bathyarchaeota_archaeon
MCD6084474.1,Desulfurococcales_archaeon_graftm_1
MAG26200.1,Pacearchaeota_archaeon_graftm_1
MBT3189879.1,Anaerolineae_bacterium
NCF26456.1,Gammaproteobacteria_bacterium_graftm_1
MBW2059289.1,Deltaproteobacteria_bacterium_graftm_2
HGW58645.1,bacterium_graftm_2
NMC08713.1,Microgenomates_bacterium
QWR77928.1,Nitrospirales_bacterium_LBB_01
NRA37454.1,Planctomycetes_bacterium
MBU2512579.1,bacterium_graftm_2
MBN1946595.1,Bradymonadales_bacterium
UCG01297.1,Heimdallarchaeota_archaeon
PYP32129.1,Gemmatimonadetes_bacterium
MBS3167217.1,Woesearchaeota_archaeon_graftm_1
MBN1699035.1,Spirochaetales_bacterium
PJA22022.1,archaeon_CG_4_10_14_0_2_um_filter_Archaea_38_6
HFW31841.1,Archaeoglobus_fulgidus
EUA23113.1,Mycobacterium_xenopi
MBK7659447.1,Betaproteobacteria_bacterium
MCD6097211.1,bacterium
MBN9348472.1,Devosia_sp.
MBN1389339.1,Thermoplasmatota_archaeon
MBT6274886.1,Chromatiales_bacterium
VDD88791.1,uncultured_archaeon
HDI31586.1,Thermofilum_sp.
MBU6349832.1,Chloroflexi_bacterium_graftm_1
MBM3229378.1,Parvarchaeota_archaeon_graftm_1
MBI4999172.1,Gottesmanbacteria_bacterium
MBA4685501.1,Planctomycetes_bacterium_graftm_1
MAQ85749.1,Maritimibacter_sp.
MBN1923459.1,Nanoarchaeota_archaeon
TVR70006.1,Sphaerobacteraceae_bacterium
TMG81632.1,Betaproteobacteria_bacterium
MBW4051435.1,Proteobacteria_bacterium_graftm_2
AAF97676.1,Apodolirion_lanceolatum
MBL7022097.1,Patescibacteria_group_bacterium_graftm_2
MBQ9395039.1,Proteobacteria_bacterium
TYH63752.1,Gossypium_tomentosum
MCC7335500.1,Pirellulaceae_bacterium
PUA34057.1,Zestosphaera_tikiterensis
MBP7433627.1,bacterium_graftm_2
NQZ95354.1,Myxococcales_bacterium_graftm_1
MBX7118262.1,Gemmatimonadaceae_bacterium
HFT93616.1,Leptospirillum_ferriphilum_graftm_1
MCD6054552.1,Rubrobacteraceae_bacterium
KAF6137597.1,Kingdonia_uniflora
VDD88823.1,uncultured_bacterium_graftm_3
NAY82557.1,Thaumarchaeota_archaeon
VDD89008.1,uncultured_archaeon
HFG21894.1,Meiothermus_ruber
MBI2079990.1,Micrarchaeota_archaeon
HGQ83060.1,Hadesarchaea_archaeon
MBM4405056.1,Chloroflexi_bacterium_graftm_3
BCE12487.1,Bacillus_paralicheniformis
VDD88955.1,uncultured_bacterium_graftm_1
MCB1045234.1,Acidobacteria_bacterium
MBT7599990.1,Anaerolineae_bacterium
MCE2918699.1,Roseomonas_sp.
MBM4122453.1,Nitrospira_sp.
MBO6636649.1,Roseitalea_sp.
NYT23721.1,Alcaligenaceae_bacterium
MBI2617644.1,Gottesmanbacteria_bacterium_graftm_1
GBC84431.1,bacterium_HR11
MBX9628466.1,Gemmataceae_bacterium
TMJ88341.1,Alphaproteobacteria_bacterium
MVT15116.1,Euryarchaeota_archaeon_graftm_2
AAO13027.1,Prorocentrum_minimum
MBP8979371.1,Dojkabacteria_bacterium
KAF3616818.1,Capsicum_annuum
TRZ86365.1,Streptomycetaceae_bacterium
MBV9083542.1,Acidobacteriaceae_bacterium
MCF7929455.1,Spirochaetales_bacterium
PIS42914.1,Kerfeldbacteria_bacterium_CG08_land_8_20_14_0_20_40_16
QDZ22786.1,Chloropicon_primus
MBN9432660.1,Bosea_sp.
KAF0167419.1,bacterium_graftm_3
PHT34511.1,Capsicum_baccatum
VDD88906.1,uncultured_bacterium
OIO47010.1,Parcubacteria_group_bacterium_CG1_02_37_51
OGS18571.1,Elusimicrobia_bacterium_RIFOXYA2_FULL_50_26
OHA55814.1,Veblenbacteria_bacterium_RIFOXYB1_FULL_43_13
TMJ02418.1,Alphaproteobacteria_bacterium
MBM3491341.1,Alphaproteobacteria_bacterium
NLP03927.1,Fibrobacter_sp.
TVS10496.1,Wenzhouxiangella_sp.
MBX3450561.1,Planctomycetaceae_bacterium
MBI5723859.1,Planctomycetes_bacterium_graftm_2
NMC80470.1,Chloroflexi_bacterium
MCB1626769.1,Xanthomonadales_bacterium
VDD89063.1,uncultured_bacterium
MBC8048713.1,Hyphomicrobiales_bacterium_graftm_1
KAH1220341.1,Glycine_max
MBX3426203.1,Pirellulales_bacterium
MCC6965427.1,Nitrospira_sp.
MBV9653052.1,Acetobacteraceae_bacterium_graftm_1
MBR0452274.1,Oscillospiraceae_bacterium
MBC7809790.1,Anaerolineae_bacterium
CDN45639.1,Paenibacillus_sp._P22
MBX2997662.1,Caldilineaceae_bacterium
TYG86316.1,Gossypium_darwinii
MBI4393555.1,Euryarchaeota_archaeon_graftm_1
RMH06091.1,Nitrospirae_bacterium
MBL4670897.1,Arenicella_sp.
SDS01701.1,Paenibacillaceae_bacterium_GAS479
MBU0706774.1,Patescibacteria_group_bacterium_graftm_2
MCD6275947.1,Thermoplasmata_archaeon_graftm_1
VDD88659.1,uncultured_archaeon_graftm_1
VDD89247.1,uncultured_bacterium
OGF34049.1,Falkowbacteria_bacterium_RIFOXYC2_FULL_48_21
MCA0422944.1,Proteobacteria_bacterium_graftm_2
MBS3061649.1,Diapherotrites_archaeon
QNM07701.1,Wansuia_hejianensis
HDI75259.1,Thermoprotei_archaeon
NBR33864.1,Rhodobacteraceae_bacterium
NIM00513.1,Acidobacteria_bacterium
NHV06229.1,Thaumarchaeota_archaeon
6HUN_A,Hyperthermus_butylicus
NND33503.1,Saprospiraceae_bacterium
MCB2054796.1,Geminicoccaceae_bacterium
RLG84779.1,Thermoprotei_archaeon_graftm_1
MBU3925301.1,Patescibacteria_group_bacterium_graftm_2
HIQ50072.1,Nanoarchaeota_archaeon
MBN2157552.1,Lokiarchaeota_archaeon
ARO52519.1,Laurencia_alfredensis
RMF76019.1,Acidobacteria_bacterium
AEJ72959.1,Karlodinium_veneficum
MBI4675218.1,Chloroflexi_bacterium_graftm_1
MBS3069512.1,Micrarchaeota_archaeon
MBR9998145.1,Cyclobacteriaceae_bacterium
QDW75142.1,Lachnospiraceae_bacterium_KGMB03038
NQU77245.1,Falkowbacteria_bacterium
MBF0564484.1,Nitrospirae_bacterium
ACS34253.1,Thermococcus_gammatolerans
OGY43088.1,Buchananbacteria_bacterium_RIFCSPHIGHO2_01_FULL_39_14
MBK36395.1,Gemmatimonadetes_bacterium_graftm_2
HFV05530.1,Aenigmarchaeota_archaeon
MBM3712566.1,Actinobacteria_bacterium_graftm_2
QOH25814.1,Acanthophora_spicifera_graftm_1
MBI5596495.1,Elusimicrobia_bacterium
MBF0539416.1,Nitrospirae_bacterium
MBI5077651.1,Falkowbacteria_bacterium
NBB89911.1,Spirochaetes_bacterium
PKO04028.1,Chloroflexi_bacterium_HGW-Chloroflexi-3
MBX3427038.1,Pirellulales_bacterium
MBI5043061.1,Nitrospirae_bacterium
MBI5667436.1,Chloroflexi_bacterium_graftm_4
HGG05094.1,Aliiroseovarius_sp.
VDD89234.1,uncultured_archaeon
MBA4404753.1,Nanoarchaeum_sp.
NDA58452.1,Actinobacteria_bacterium
MSV28615.1,Bryobacterales_bacterium
MBN2447525.1,Phycisphaerae_bacterium_graftm_1
MBM3453581.1,Bacteroidetes_bacterium_graftm_2
MCD6271212.1,bacterium
HAO11697.1,Planktothrix_sp._UBA8407
KAF8098580.1,Sinapis_alba
MBX3278856.1,Acidobacteria_bacterium_graftm_2
QDR79237.1,Sporomusa_termitida
TMJ47646.1,Alphaproteobacteria_bacterium
NER33751.1,Oscillatoria_sp._SIO1A7
HHP05817.1,Thermofilum_pendens
MCC7320538.1,Rubellimicrobium_sp.
MBR1780551.1,Oscillospiraceae_bacterium
MCC7217260.1,Burkholderiales_bacterium
NCA88754.1,Gammaproteobacteria_bacterium_graftm_3
MSQ68069.1,Gammaproteobacteria_bacterium_graftm_1
CAE7722140.1,Symbiodinium_pilosum
QSO50200.1,Alicyclobacillus_curvatus
MBI4399456.1,Micrarchaeota_archaeon
MBI0580493.1,Neobacillus_cucumis
MCD6270397.1,bacterium
KUO42335.1,Hadesarchaea_archaeon_YNP_N21
NBF38923.1,Spirochaetes_bacterium
HHN14532.1,Chloroflexi_bacterium_graftm_1
MBI4724173.1,Rhodomicrobium_sp.
VDD89138.1,uncultured_archaeon
MCB0154325.1,Anaerolineae_bacterium
MBW2276205.1,Deltaproteobacteria_bacterium_graftm_1
MBQ3274301.1,Christensenellaceae_bacterium
EIM30042.1,Microvirga_lotononidis
PIN78299.1,Woesearchaeota_archaeon_CG10_big_fil_rev_8_21_14_0_10_34_8
MBU6148005.1,Actinomycetales_bacterium
MBS1827913.1,Acidobacteria_bacterium_graftm_2
NTV52076.1,Firestonebacteria_bacterium
ESQ07873.1,Thiohalocapsa_sp._PB-PSB1
MBF0472733.1,Nitrospirae_bacterium
GBG58569.1,Sporomusaceae_bacterium_FL31
MBN1759413.1,Chitinispirillaceae_bacterium
MBX3131884.1,Gemmatimonadaceae_bacterium
TFH33364.1,Anaerolineales_bacterium_graftm_1
MBO9392521.1,Caldilinea_sp.
TRO54248.1,Bathyarchaeota_archaeon_graftm_1
MBI1346546.1,bacterium_graftm_2
NBO36997.1,bacterium_graftm_1
HBK39941.1,Actinobacteria_bacterium
MBI4543055.1,Gemmatimonadetes_bacterium
VDD88845.1,uncultured_archaeon
OIO61158.1,Proteobacteria_bacterium_CG1_02_64_396
MBP7127560.1,Myxococcota_bacterium
NOJ27760.1,Nitrososphaera_sp.
VDD89128.1,uncultured_bacterium_graftm_2
PHT50236.1,Capsicum_baccatum
MBI4753690.1,Desantisbacteria_bacterium
MCA9381894.1,Dojkabacteria_bacterium
MBR8831272.1,Chlorogloea_purpurea
MBP5204290.1,bacterium_graftm_4
MCE0497962.1,Methylacidiphilales_bacterium
PZS03194.1,Pseudonocardiales_bacterium
OPX62843.1,Methanoregula_sp._PtaB.Bin085
MBC5809956.1,Eremiobacteraeota_bacterium
AEA52294.1,Grateloupia_dalianensis
CAE8742511.1,Polarella_glacialis
MBK9171221.1,Bryobacterales_bacterium
RLG53383.1,Korarchaeota_archaeon
MBM3484584.1,Alphaproteobacteria_bacterium
MBM3228569.1,Pacearchaeota_archaeon_graftm_1
MXQ09219.1,Kangsaoukella_pontilimi
ONM23708.1,Zea_mays
HAJ78659.1,Fibrobacteres_bacterium
HHY88710.1,Chloroflexi_bacterium
MBU6270424.1,Betaproteobacteria_bacterium_graftm_2
HBY96103.1,Chloroflexi_bacterium
MCD6120426.1,Spirochaetales_bacterium_graftm_1
TAH74812.1,Anaerolineaceae_bacterium_graftm_2
OGN80789.1,Chloroflexi_bacterium_GWC2_73_18
MBV9115810.1,Acetobacteraceae_bacterium
TDI96814.1,Deltaproteobacteria_bacterium_graftm_1
MBI4060182.1,Elusimicrobia_bacterium
VDD88743.1,uncultured_bacterium
VDD89074.1,uncultured_archaeon
MBN8591301.1,Anaerolineae_bacterium
NNN04734.1,Elusimicrobia_bacterium
MBI5019656.1,Gottesmanbacteria_bacterium
AWT38157.1,Proboscia_sp.
PIE31794.1,Ilumatobacter_coccineus
MSO69805.1,Alphaproteobacteria_bacterium
PCJ89062.1,Hyphomicrobiales_bacterium_graftm_1
MBA3253246.1,Burkholderiaceae_bacterium
NOS72735.1,Verrucomicrobia_bacterium
MCB1928977.1,Rhodocyclaceae_bacterium
MBK9739511.1,Actinobacteria_bacterium
MBI4786473.1,Chloroflexi_bacterium_graftm_1
MBI5223009.1,Micrarchaeota_archaeon
MBS3062939.1,Diapherotrites_archaeon
VDD89092.1,uncultured_archaeon
MBX9457909.1,Rhizobium_sp.
MBI1386992.1,bacterium_graftm_2
MBS3091898.1,Pacearchaeota_archaeon
UCG87543.1,Gemmatimonadetes_bacterium
MBK8064163.1,Betaproteobacteria_bacterium
MBR2824875.1,Solobacterium_sp.
NDB07425.1,Actinobacteria_bacterium
HGY48040.1,Anaerolineae_bacterium
CAE7755150.1,Symbiodinium_sp._CCMP2456
MBI4777547.1,Desantisbacteria_bacterium
MBU0590740.1,Micrarchaeota_archaeon
MBZ0169147.1,Methylomirabilis_lanthanidiphila
KAA8530917.1,Nyssa_sinensis
HIX05690.1,Fournierella_pullicola
VVB65357.1,Gugararchaeum_adminiculabundum
NBR61176.1,Actinobacteria_bacterium_graftm_3
TWH85608.1,Cytobacillus_oceanisediminis
MCB9139048.1,Caldilineaceae_bacterium_graftm_1
MCC6546698.1,Sumerlaeota_bacterium_graftm_1
MBM3685349.1,Actinobacteria_bacterium
NDJ11484.1,Acidobacteriia_bacterium
MBL0917586.1,Hydrogenophaga_sp.
HFA51493.1,Bacteroidetes_bacterium_graftm_3
MCE5329740.1,bacterium_graftm_5
OGS72457.1,Gallionellales_bacterium_GWA2_60_142
OGT70582.1,Gammaproteobacteria_bacterium_RIFCSPLOWO2_02_FULL_56_15
MCA9170285.1,Planctomycetales_bacterium
MBN1595164.1,candidate_division_FCPU426_bacterium
MBN1364000.1,Syntrophaceae_bacterium
MBD3312000.1,archaeon
MBU0640371.1,Planctomycetes_bacterium_graftm_1
MCC6496594.1,Propionibacteriaceae_bacterium
NCZ71615.1,Actinobacteria_bacterium_graftm_3
MBP7549382.1,Gemmatimonadaceae_bacterium_graftm_1
MBI4128833.1,Parcubacteria_group_bacterium
KAA3627279.1,Proteobacteria_bacterium
HEC63873.1,bacterium_graftm_6
PHT27478.1,Capsicum_baccatum
QBR70402.1,Beijerinckiaceae_bacterium
NBD96031.1,Gammaproteobacteria_bacterium_graftm_1
VAH75232.1,Triticum_turgidum
MBT5030360.1,archaeon_graftm_1
ENN83654.1,Rhizobium_freirei
NCV86887.1,Oxalobacteraceae_bacterium_graftm_1
MCA9886912.1,Anaerolineae_bacterium_graftm_1
MBW7917467.1,Trueperaceae_bacterium
MBS3108733.1,Woesearchaeota_archaeon
VDD88751.1,uncultured_bacterium
RLG20169.1,Micrarchaeota_archaeon
NQS92092.1,Chloroflexi_bacterium_graftm_1
MCD8083896.1,Clostridiales_bacterium
RLI62811.1,Thorarchaeota_archaeon_graftm_1
MBM3381139.1,Betaproteobacteria_bacterium_graftm_3
MBV9440335.1,Eremiobacteraeota_bacterium
PHU22554.1,Capsicum_chinense
MCE5393667.1,Acidithiobacillus_sp.
PSG97214.1,Thermoplasmatales_archaeon_SW_10_69_26
MBU2235532.1,Patescibacteria_group_bacterium_graftm_2
MBK5092366.1,Actinobacteria_bacterium_graftm_2
HBY96112.1,Chloroflexi_bacterium
NOX29109.1,Actinobacteria_bacterium_graftm_4
MCE5286801.1,Pelosinus_sp.
QKK02813.1,Proteobacteria_bacterium
NLW31599.1,Fibrobacter_sp.
NLL12054.1,Fibrobacter_sp.
HBR50750.1,Nitrospira_sp.
SFC76997.1,Bacillus_sp._OV322
MBU1132194.1,Patescibacteria_group_bacterium_graftm_2
MBA3480117.1,Lautropia_sp.
MCD4812280.1,bacterium_graftm_2
WP_172939462.1,Bacillus_sp._CRN_9
MBI1818741.1,Nitrospirae_bacterium_graftm_1
KAE8720947.1,Hibiscus_syriacus
MBE82848.1,Gemmatimonadetes_bacterium_graftm_2
MBV6657607.1,Devosiaceae_bacterium
PHT98747.1,Capsicum_chinense
OPY45996.1,Methanoregulaceae_archaeon_PtaU1.Bin222
MBK8190065.1,Vampirovibrionales_bacterium_graftm_1
HBD98686.1,Gemmatimonadetes_bacterium
UCG84220.1,Dehalococcoidia_bacterium_graftm_1
MBW2736513.1,Deltaproteobacteria_bacterium_graftm_1
HDY61933.1,Firmicutes_bacterium_graftm_2
SDG82102.1,Planococcus_glaciei
HGF55815.1,Nitrospirae_bacterium_graftm_2
MBM4352814.1,Deltaproteobacteria_bacterium_graftm_1
TRU25065.1,Microcystis_aeruginosa
MBN2194567.1,Polyangiaceae_bacterium
MBW1709793.1,Deltaproteobacteria_bacterium_graftm_2
MCA9217480.1,Planctomycetales_bacterium
NDJ61695.1,Chloroflexi_bacterium_graftm_4
MBD3266877.1,bacterium_graftm_2
NKC13080.1,Gammaproteobacteria_bacterium_graftm_1
MBI2803168.1,Gammaproteobacteria_bacterium_graftm_1
MBP1642213.1,Acidobacteria_bacterium
MBW2267949.1,Deltaproteobacteria_bacterium_graftm_1
CCG09414.1,Pararhodospirillum_photometricum
NCJ05237.1,Petrachloros_mirabilis
KXA92713.1,candidate_division_MSBL1_archaeon_SCGC-AAA259E22
MBY0405887.1,Cyanobacteria_bacterium
MBN9391259.1,Chloroflexi_bacterium_graftm_4
BBK43450.1,Stella_vacuolata
UCC24777.1,Gemmatimonadales_bacterium
NBT09080.1,Chitinophagia_bacterium
MBP9143718.1,Thermoanaerobaculia_bacterium
TMA29206.1,Deltaproteobacteria_bacterium_graftm_1
MBN2178641.1,Deltaproteobacteria_bacterium_graftm_2
HDZ74030.1,Aurantimonas_coralicida
RMH52320.1,Zetaproteobacteria_bacterium
MBI3961109.1,Deinococcus_sp.
HGF74819.1,Micrarchaeum_sp.
NLV58450.1,Clostridiales_bacterium
TAL30354.1,Spirochaetes_bacterium
MBE0529848.1,Rhodospirillales_bacterium
MCC5965054.1,Natronohydrobacter_sp.
MCA0295247.1,Actinobacteria_bacterium_graftm_2
NBB78045.1,Verrucomicrobia_bacterium
VDD88722.1,uncultured_archaeon
PHT97483.1,Capsicum_chinense
MBD9033443.1,Veillonella_atypica
RLI74974.1,Archaeoglobales_archaeon
MBU1671005.1,Actinobacteria_bacterium_graftm_2
TVQ93953.1,Chromatiaceae_bacterium
TAH51644.1,Chloroflexi_bacterium_graftm_1
SED07816.1,Rhizobiales_bacterium_GAS188
VDD89108.1,uncultured_bacterium
VDD88919.1,uncultured_archaeon
MBX9836688.1,Silvanigrellaceae_bacterium
MBI3591246.1,Melainabacteria_bacterium
NOZ51115.1,Chloroflexi_bacterium_graftm_1
MBI5713440.1,Chloroflexi_bacterium_graftm_1
PJA14308.1,Dojkabacteria_bacterium_CG_4_10_14_0_2_um_filter_Dojkabacteria_WS6_41_15
NNE89976.1,Silicimonas_sp.
MBI1208138.1,Azospirillum_sp.
AAF97678.1,Apodolirion_lanceolatum
KAH7443685.1,Ceratopteris_richardii
PHT76209.1,Capsicum_annuum
NHW23919.1,Archaeoglobales_archaeon
HHW72226.1,Firmicutes_bacterium
VVB76253.1,uncultured_archaeon
MBK8503323.1,Saprospiraceae_bacterium
MBX5436207.1,Alicyclobacillaceae_bacterium
MCD6240852.1,Bathyarchaeota_archaeon_graftm_1
MBK9243602.1,Burkholderiales_bacterium
HHW09836.1,Firmicutes_bacterium
NWJ97566.1,Chloroflexi_bacterium_graftm_1
NLH09472.1,Chloroflexi_bacterium_graftm_1
MBM4000108.1,Planctomycetes_bacterium_graftm_1
KYK35632.1,Theionarchaea_archaeon_DG-70-1
HBY96410.1,Chloroflexi_bacterium_graftm_5
SIQ77969.1,Haladaptatus_litoreus
PTY06800.1,Verrucomicrobia_bacterium_LW23
OQX71191.1,Parcubacteria_bacterium_4484_255
PKO11517.1,Chloroflexi_bacterium_HGW-Chloroflexi-10
MCD6410415.1,bacterium
HGU10573.1,Bathyarchaeota_archaeon_graftm_1
GEV01554.1,Tanacetum_cinerariifolium
SCM66236.1,Donghicola_eburneus
MBW8064836.1,Nitrospira_sp.
NLX50207.1,Methanospirillum_sp.
TMG98154.1,Betaproteobacteria_bacterium
MBI2029670.1,Gottesmanbacteria_bacterium_graftm_1
MBS0169048.1,Nitrospira_sp.
OYT42875.1,Thermoplasmatales_archaeon_ex4484_6
MBN9036789.1,Hyphomicrobiales_bacterium_graftm_1
MCA3222186.1,Burkholderiales_bacterium
MBT3269433.1,Poribacteria_bacterium
PIR05832.1,Kuenenbacteria_bacterium_CG11_big_fil_rev_8_21_14_0_20_37_9
PYP37714.1,Gemmatimonadetes_bacterium
RMF04955.1,Chloroflexi_bacterium_graftm_5
MBK6659079.1,Proteobacteria_bacterium
HEU41125.1,Betaproteobacteria_bacterium
BBP44172.1,Thiosulfativibrio_zosterae
MBC7259331.1,Chloroflexi_bacterium
MBI4057556.1,Elusimicrobia_bacterium
ADM64626.1,Thorea_bachmannii
MBI1822410.1,Nitrospirae_bacterium_graftm_1
NLC26146.1,Fastidiosipila_sp.
MBN8595777.1,Anaerolineae_bacterium_graftm_1
MBC8164322.1,Bryobacteraceae_bacterium
HCZ07400.1,Thermotogae_bacterium
VDD89164.1,uncultured_bacterium_graftm_2
MBU0600589.1,bacterium_graftm_2
MBE7528243.1,Ardenticatenaceae_bacterium
MAM33249.1,Acidimicrobiaceae_bacterium
MBM3812474.1,Acidimicrobiia_bacterium
MCA1821080.1,Pseudonocardia_sp.
5HQM_A,Rhodopseudomonas_palustris_graftm_1
AEP20655.1,Pseudoerythrocladia_kornmannii
MBI4313995.1,Omnitrophica_bacterium
WP_168371275.1,Pyrodictium_occultum
NCC69987.1,bacterium
CAJ35700.1,Methanocella_arvoryzae
MCB1021418.1,Acidobacteria_bacterium_graftm_2
KAF7800411.1,Senna_tora
NLO80319.1,Xanthomonadaceae_bacterium
MCC6719565.1,Acetobacteraceae_bacterium
VDD89048.1,uncultured_archaeon
MBU4331515.1,Patescibacteria_group_bacterium_graftm_2
KAH7425867.1,Ceratopteris_richardii
ROR29472.1,Inmirania_thermothiophila
NLE02840.1,Fibrobacter_sp.
KPQ40508.1,Phormidium_sp._OSCR
PIN88808.1,Pacearchaeota_archaeon_CG10_big_fil_rev_8_21_14_0_10_35_13
MBI9103853.1,Spirochaetales_bacterium
MBN1655464.1,Deltaproteobacteria_bacterium_graftm_1
VDD89235.1,uncultured_archaeon_graftm_1
MBL1435072.1,Rhodobacteraceae_bacterium_graftm_1
2ZVI_A,Bacillus_subtilis
MBA2718374.1,Chloroflexi_bacterium
VDD88893.1,uncultured_archaeon_graftm_1
PIE03594.1,Acidobacteria_bacterium
ACL11466.1,Desulfurococcus_kamchatkensis
MBL9192168.1,Opitutaceae_bacterium
MBV8702149.1,Acetobacteraceae_bacterium
NLF10713.1,Anaerolineaceae_bacterium_graftm_2
MBT4908544.1,Microbacteriaceae_bacterium
MBX2882747.1,Granulosicoccus_sp.
MBA4106815.1,Pirellula_sp.
HEY85443.1,Chloroflexi_bacterium_graftm_1
MCA2960789.1,Silvanigrellales_bacterium
MBN9588565.1,Alphaproteobacteria_bacterium
TVR45331.1,Puniceicoccaceae_bacterium
UCF66089.1,Acidobacteria_bacterium
OGW33908.1,Nitrospirae_bacterium_GWC2_56_14
MCC6438915.1,Acidimicrobiales_bacterium_graftm_1
SJM56281.1,Actinomycetales_bacterium_JB111
AAL46534.1,Gracilariopsis_tenuifrons
VDD89038.1,uncultured_archaeon_graftm_1
NVM02905.1,Helarchaeota_archaeon
MSO71919.1,Alphaproteobacteria_bacterium
VDD89056.1,uncultured_archaeon
HGT45997.1,Gottesmanbacteria_bacterium_graftm_1
MBN8248168.1,Verrucomicrobia_bacterium
MCC7122308.1,Gammaproteobacteria_bacterium_graftm_1
PKP59216.1,Atribacteria_bacterium_HGW-Atribacteria-1
VDD88882.1,uncultured_archaeon
MBI3763519.1,Chloroflexi_bacterium_graftm_1
QLK07883.1,Priestia_megaterium
MBU0636318.1,Micrarchaeota_archaeon
MCA9488031.1,Nanoarchaeota_archaeon_graftm_1
NMC30274.1,Pelolinea_sp.
MBF0344184.1,Nitrospirae_bacterium
ALP13672.1,Karenia_brevis
MCA0394439.1,Proteobacteria_bacterium
MBT3218305.1,Proteobacteria_bacterium
EEL49503.1,Bacillus_cereus
HCW44142.1,Planctomycetes_bacterium_graftm_1
MBD3351158.1,Lokiarchaeota_archaeon
QWD44512.1,Polynucleobacter_paneuropaeus
NDP43148.1,Aromatoleum_sp.
MAT73320.1,Planctomycetaceae_bacterium_graftm_2
OYX05487.1,Thiotrichales_bacterium_32-46-8
MBL8379501.1,Burkholderiales_bacterium_graftm_1
KHE93719.1,Scalindua_brodae
MBN61463.1,Gemmatimonadetes_bacterium_graftm_2
QQE10476.1,Planctomycetes_bacterium_graftm_1
MBS0325848.1,Proteobacteria_bacterium
NBT73295.1,Betaproteobacteria_bacterium_graftm_4
KKR05836.1,candidate_division_WS6_bacterium_GW2011_GWF2_39_15
MBE0512917.1,Bathyarchaeota_archaeon_graftm_1
MCA9094393.1,Planctomycetaceae_bacterium
HBI04666.1,Paenibacillaceae_bacterium
ASS76258.1,Tumebacillus_algifaecis
MCE5300062.1,Spirochaetia_bacterium
MXX33843.1,Gemmatimonadetes_bacterium
MBX2805153.1,Hyphomicrobiales_bacterium_graftm_1
HIB16887.1,Lambdaproteobacteria_bacterium
MCC7334097.1,Pirellulaceae_bacterium_graftm_1
NJL92951.1,Anaerolineae_bacterium
PKM41113.1,Firmicutes_bacterium_HGW-Firmicutes-9
MAW76411.1,Planctomycetes_bacterium_graftm_1
MBS3095343.1,Woesearchaeota_archaeon
HHU61383.1,Natronincola_sp.
MBI4617146.1,Planctomycetes_bacterium_graftm_1
VDD88994.1,uncultured_bacterium
MBU1019278.1,Patescibacteria_group_bacterium
VDD88895.1,uncultured_archaeon
HID42802.1,Archaeoglobaceae_archaeon
MBM3541574.1,Alphaproteobacteria_bacterium
MBK8027211.1,Chloroflexi_bacterium_graftm_4
GEO26386.1,Alicyclobacillus_acidoterrestris
NYZ77943.1,Micrarchaeota_archaeon
MBM4319942.1,Deltaproteobacteria_bacterium_graftm_1
MCC7041977.1,Burkholderiales_bacterium
HGQ79017.1,Archaeoglobus_sp.
MBP9550567.1,Veillonella_sp.
MCA9376398.1,Dojkabacteria_bacterium
MBC8434936.1,archaeon_graftm_2
PSR34375.1,Sulfobacillus_benefaciens
MBT6967335.1,Planctomycetes_bacterium_graftm_1
NUM36543.1,Brocadiae_bacterium
PHU15862.1,Capsicum_chinense
KQT82801.1,Aurantimonas_sp._Leaf443
MBR4285263.1,Methanocorpusculum_sp.
